suite,task_a,task_b,language_a,language_b,manipulated_object,goal_a,goal_b,native_predicate_a,native_predicate_b,same_object_set,same_problem_folder,same_logical_init,same_manipulated,targets_coexist,scene_geometry_compatible,init_distributions_compatible,predicate_family,multistep,likely_intervention,measurement_strengths,measurement_weaknesses,experimental_suitability,screening_priority
libero_goal,put_the_bowl_on_the_stove,put_the_bowl_on_the_plate,put the bowl on the stove,put the bowl on the plate,akita_black_bowl_1,flat_stove_1_cook_region,plate_1,On(akita_black_bowl_1 flat_stove_1_cook_region),On(akita_black_bowl_1 plate_1),True,True,True,True,True,True,True,On/On,False,after first grasp of manipulated object + N actions,shared kitchen scene; both On predicates query simulator regions; targets visually distinct; Goal B remains in-scene after partial Goal A,task-specific pruned init tensors differ; must freeze one host BDDL/init; contact flicker possible on On predicates,primary_candidate,100
libero_goal,put_the_bowl_on_the_stove,put_the_bowl_on_top_of_the_cabinet,put the bowl on the stove,put the bowl on top of the cabinet,akita_black_bowl_1,flat_stove_1_cook_region,wooden_cabinet_1_top_side,On(akita_black_bowl_1 flat_stove_1_cook_region),On(akita_black_bowl_1 wooden_cabinet_1_top_side),True,True,True,True,True,True,True,On/On,False,after first grasp of manipulated object + N actions,shared kitchen scene; both On predicates query simulator regions; targets visually distinct; Goal B remains in-scene after partial Goal A,task-specific pruned init tensors differ; must freeze one host BDDL/init; contact flicker possible on On predicates,primary_candidate,100
libero_goal,put_the_bowl_on_top_of_the_cabinet,put_the_bowl_on_the_plate,put the bowl on top of the cabinet,put the bowl on the plate,akita_black_bowl_1,wooden_cabinet_1_top_side,plate_1,On(akita_black_bowl_1 wooden_cabinet_1_top_side),On(akita_black_bowl_1 plate_1),True,True,True,True,True,True,True,On/On,False,after first grasp of manipulated object + N actions,shared kitchen scene; both On predicates query simulator regions; targets visually distinct; Goal B remains in-scene after partial Goal A,task-specific pruned init tensors differ; must freeze one host BDDL/init; contact flicker possible on On predicates,primary_candidate,100
libero_goal,put_the_wine_bottle_on_top_of_the_cabinet,put_the_wine_bottle_on_the_rack,put the wine bottle on top of the cabinet,put the wine bottle on the rack,wine_bottle_1,wooden_cabinet_1_top_side,wine_rack_1_top_region,On(wine_bottle_1 wooden_cabinet_1_top_side),On(wine_bottle_1 wine_rack_1_top_region),True,True,True,True,True,True,True,On/On,False,after first grasp of manipulated object + N actions,shared kitchen scene; both On predicates query simulator regions; targets visually distinct; Goal B remains in-scene after partial Goal A,task-specific pruned init tensors differ; must freeze one host BDDL/init; contact flicker possible on On predicates,primary_candidate,100
libero_goal,open_the_top_drawer_and_put_the_bowl_inside,put_the_bowl_on_the_plate,open the top drawer and put the bowl inside,put the bowl on the plate,akita_black_bowl_1,wooden_cabinet_1_top_region,plate_1,In(akita_black_bowl_1 wooden_cabinet_1_top_region),On(akita_black_bowl_1 plate_1),True,True,True,True,True,True,True,On/In,False,after first grasp of manipulated object + N actions,shared scene and manipulated object,Open/In/Turnon goals add articulation or non-placement semantics; recoverability after partial Goal A may be harder,viable_with_caveats,70
libero_goal,open_the_top_drawer_and_put_the_bowl_inside,put_the_bowl_on_top_of_the_cabinet,open the top drawer and put the bowl inside,put the bowl on top of the cabinet,akita_black_bowl_1,wooden_cabinet_1_top_region,wooden_cabinet_1_top_side,In(akita_black_bowl_1 wooden_cabinet_1_top_region),On(akita_black_bowl_1 wooden_cabinet_1_top_side),True,True,True,True,True,True,True,On/In,False,after first grasp of manipulated object + N actions,shared scene and manipulated object,Open/In/Turnon goals add articulation or non-placement semantics; recoverability after partial Goal A may be harder,viable_with_caveats,70
libero_goal,put_the_bowl_on_the_stove,open_the_top_drawer_and_put_the_bowl_inside,put the bowl on the stove,open the top drawer and put the bowl inside,akita_black_bowl_1,flat_stove_1_cook_region,wooden_cabinet_1_top_region,On(akita_black_bowl_1 flat_stove_1_cook_region),In(akita_black_bowl_1 wooden_cabinet_1_top_region),True,True,True,True,True,True,True,On/In,False,after first grasp of manipulated object + N actions,shared scene and manipulated object,Open/In/Turnon goals add articulation or non-placement semantics; recoverability after partial Goal A may be harder,viable_with_caveats,70
libero_10,LIVING_ROOM_SCENE2_put_both_the_alphabet_soup_and_the_tomato_sauce_in_the_basket,LIVING_ROOM_SCENE2_put_both_the_cream_cheese_box_and_the_butter_in_the_basket,put both the alphabet soup and the tomato sauce in the basket,put both the cream cheese box and the butter in the basket,alphabet_soup_1|cream_cheese_1,basket_1_contain_region,basket_1_contain_region,In(alphabet_soup_1 basket_1_contain_region);In(tomato_sauce_1 basket_1_contain_region),In(cream_cheese_1 basket_1_contain_region);In(butter_1 basket_1_contain_region),True,True,True,False,True,True,True,In/In,True,after first grasp of manipulated object + N actions,same scene/init within LIBERO-10 living-room pair,long-horizon dual-object goals; not a clean single-object two-destination pair,secondary_multistep,40
libero_object,pick_up_the_alphabet_soup_and_place_it_in_the_basket,pick_up_the_bbq_sauce_and_place_it_in_the_basket,pick up the alphabet soup and place it in the basket,pick up the bbq sauce and place it in the basket,alphabet_soup_1|bbq_sauce_1,basket_1_contain_region,basket_1_contain_region,In(alphabet_soup_1 basket_1_contain_region),In(bbq_sauce_1 basket_1_contain_region),False,True,False,False,True,False,False,In/In,False,after first grasp of manipulated object + N actions,native In-basket predicate,different manipulated objects; object sets not identical across tasks; not same-object two-goal design,poor_different_object_same_basket,20
libero_object,pick_up_the_alphabet_soup_and_place_it_in_the_basket,pick_up_the_butter_and_place_it_in_the_basket,pick up the alphabet soup and place it in the basket,pick up the butter and place it in the basket,alphabet_soup_1|butter_1,basket_1_contain_region,basket_1_contain_region,In(alphabet_soup_1 basket_1_contain_region),In(butter_1 basket_1_contain_region),False,True,False,False,True,False,False,In/In,False,after first grasp of manipulated object + N actions,native In-basket predicate,different manipulated objects; object sets not identical across tasks; not same-object two-goal design,poor_different_object_same_basket,20
libero_object,pick_up_the_alphabet_soup_and_place_it_in_the_basket,pick_up_the_chocolate_pudding_and_place_it_in_the_basket,pick up the alphabet soup and place it in the basket,pick up the chocolate pudding and place it in the basket,alphabet_soup_1|chocolate_pudding_1,basket_1_contain_region,basket_1_contain_region,In(alphabet_soup_1 basket_1_contain_region),In(chocolate_pudding_1 basket_1_contain_region),False,True,False,False,True,False,False,In/In,False,after first grasp of manipulated object + N actions,native In-basket predicate,different manipulated objects; object sets not identical across tasks; not same-object two-goal design,poor_different_object_same_basket,20
libero_object,pick_up_the_alphabet_soup_and_place_it_in_the_basket,pick_up_the_cream_cheese_and_place_it_in_the_basket,pick up the alphabet soup and place it in the basket,pick up the cream cheese and place it in the basket,alphabet_soup_1|cream_cheese_1,basket_1_contain_region,basket_1_contain_region,In(alphabet_soup_1 basket_1_contain_region),In(cream_cheese_1 basket_1_contain_region),False,True,False,False,True,False,False,In/In,False,after first grasp of manipulated object + N actions,native In-basket predicate,different manipulated objects; object sets not identical across tasks; not same-object two-goal design,poor_different_object_same_basket,20
libero_object,pick_up_the_alphabet_soup_and_place_it_in_the_basket,pick_up_the_ketchup_and_place_it_in_the_basket,pick up the alphabet soup and place it in the basket,pick up the ketchup and place it in the basket,alphabet_soup_1|ketchup_1,basket_1_contain_region,basket_1_contain_region,In(alphabet_soup_1 basket_1_contain_region),In(ketchup_1 basket_1_contain_region),False,True,False,False,True,False,False,In/In,False,after first grasp of manipulated object + N actions,native In-basket predicate,different manipulated objects; object sets not identical across tasks; not same-object two-goal design,poor_different_object_same_basket,20
libero_object,pick_up_the_alphabet_soup_and_place_it_in_the_basket,pick_up_the_milk_and_place_it_in_the_basket,pick up the alphabet soup and place it in the basket,pick up the milk and place it in the basket,alphabet_soup_1|milk_1,basket_1_contain_region,basket_1_contain_region,In(alphabet_soup_1 basket_1_contain_region),In(milk_1 basket_1_contain_region),False,True,False,False,True,False,False,In/In,False,after first grasp of manipulated object + N actions,native In-basket predicate,different manipulated objects; object sets not identical across tasks; not same-object two-goal design,poor_different_object_same_basket,20
libero_object,pick_up_the_alphabet_soup_and_place_it_in_the_basket,pick_up_the_orange_juice_and_place_it_in_the_basket,pick up the alphabet soup and place it in the basket,pick up the orange juice and place it in the basket,alphabet_soup_1|orange_juice_1,basket_1_contain_region,basket_1_contain_region,In(alphabet_soup_1 basket_1_contain_region),In(orange_juice_1 basket_1_contain_region),False,True,False,False,True,False,False,In/In,False,after first grasp of manipulated object + N actions,native In-basket predicate,different manipulated objects; object sets not identical across tasks; not same-object two-goal design,poor_different_object_same_basket,20
libero_object,pick_up_the_alphabet_soup_and_place_it_in_the_basket,pick_up_the_salad_dressing_and_place_it_in_the_basket,pick up the alphabet soup and place it in the basket,pick up the salad dressing and place it in the basket,alphabet_soup_1|salad_dressing_1,basket_1_contain_region,basket_1_contain_region,In(alphabet_soup_1 basket_1_contain_region),In(salad_dressing_1 basket_1_contain_region),False,True,False,False,True,False,False,In/In,False,after first grasp of manipulated object + N actions,native In-basket predicate,different manipulated objects; object sets not identical across tasks; not same-object two-goal design,poor_different_object_same_basket,20
libero_object,pick_up_the_alphabet_soup_and_place_it_in_the_basket,pick_up_the_tomato_sauce_and_place_it_in_the_basket,pick up the alphabet soup and place it in the basket,pick up the tomato sauce and place it in the basket,alphabet_soup_1|tomato_sauce_1,basket_1_contain_region,basket_1_contain_region,In(alphabet_soup_1 basket_1_contain_region),In(tomato_sauce_1 basket_1_contain_region),False,True,False,False,True,False,False,In/In,False,after first grasp of manipulated object + N actions,native In-basket predicate,different manipulated objects; object sets not identical across tasks; not same-object two-goal design,poor_different_object_same_basket,20
libero_object,pick_up_the_bbq_sauce_and_place_it_in_the_basket,pick_up_the_butter_and_place_it_in_the_basket,pick up the bbq sauce and place it in the basket,pick up the butter and place it in the basket,bbq_sauce_1|butter_1,basket_1_contain_region,basket_1_contain_region,In(bbq_sauce_1 basket_1_contain_region),In(butter_1 basket_1_contain_region),False,True,False,False,True,False,False,In/In,False,after first grasp of manipulated object + N actions,native In-basket predicate,different manipulated objects; object sets not identical across tasks; not same-object two-goal design,poor_different_object_same_basket,20
libero_object,pick_up_the_bbq_sauce_and_place_it_in_the_basket,pick_up_the_chocolate_pudding_and_place_it_in_the_basket,pick up the bbq sauce and place it in the basket,pick up the chocolate pudding and place it in the basket,bbq_sauce_1|chocolate_pudding_1,basket_1_contain_region,basket_1_contain_region,In(bbq_sauce_1 basket_1_contain_region),In(chocolate_pudding_1 basket_1_contain_region),False,True,False,False,True,False,False,In/In,False,after first grasp of manipulated object + N actions,native In-basket predicate,different manipulated objects; object sets not identical across tasks; not same-object two-goal design,poor_different_object_same_basket,20
libero_object,pick_up_the_bbq_sauce_and_place_it_in_the_basket,pick_up_the_ketchup_and_place_it_in_the_basket,pick up the bbq sauce and place it in the basket,pick up the ketchup and place it in the basket,bbq_sauce_1|ketchup_1,basket_1_contain_region,basket_1_contain_region,In(bbq_sauce_1 basket_1_contain_region),In(ketchup_1 basket_1_contain_region),False,True,False,False,True,False,False,In/In,False,after first grasp of manipulated object + N actions,native In-basket predicate,different manipulated objects; object sets not identical across tasks; not same-object two-goal design,poor_different_object_same_basket,20
libero_object,pick_up_the_bbq_sauce_and_place_it_in_the_basket,pick_up_the_milk_and_place_it_in_the_basket,pick up the bbq sauce and place it in the basket,pick up the milk and place it in the basket,bbq_sauce_1|milk_1,basket_1_contain_region,basket_1_contain_region,In(bbq_sauce_1 basket_1_contain_region),In(milk_1 basket_1_contain_region),False,True,False,False,True,False,False,In/In,False,after first grasp of manipulated object + N actions,native In-basket predicate,different manipulated objects; object sets not identical across tasks; not same-object two-goal design,poor_different_object_same_basket,20
libero_object,pick_up_the_bbq_sauce_and_place_it_in_the_basket,pick_up_the_orange_juice_and_place_it_in_the_basket,pick up the bbq sauce and place it in the basket,pick up the orange juice and place it in the basket,bbq_sauce_1|orange_juice_1,basket_1_contain_region,basket_1_contain_region,In(bbq_sauce_1 basket_1_contain_region),In(orange_juice_1 basket_1_contain_region),False,True,False,False,True,False,False,In/In,False,after first grasp of manipulated object + N actions,native In-basket predicate,different manipulated objects; object sets not identical across tasks; not same-object two-goal design,poor_different_object_same_basket,20
libero_object,pick_up_the_bbq_sauce_and_place_it_in_the_basket,pick_up_the_tomato_sauce_and_place_it_in_the_basket,pick up the bbq sauce and place it in the basket,pick up the tomato sauce and place it in the basket,bbq_sauce_1|tomato_sauce_1,basket_1_contain_region,basket_1_contain_region,In(bbq_sauce_1 basket_1_contain_region),In(tomato_sauce_1 basket_1_contain_region),False,True,False,False,True,False,False,In/In,False,after first grasp of manipulated object + N actions,native In-basket predicate,different manipulated objects; object sets not identical across tasks; not same-object two-goal design,poor_different_object_same_basket,20
libero_object,pick_up_the_butter_and_place_it_in_the_basket,pick_up_the_chocolate_pudding_and_place_it_in_the_basket,pick up the butter and place it in the basket,pick up the chocolate pudding and place it in the basket,butter_1|chocolate_pudding_1,basket_1_contain_region,basket_1_contain_region,In(butter_1 basket_1_contain_region),In(chocolate_pudding_1 basket_1_contain_region),False,True,False,False,True,False,False,In/In,False,after first grasp of manipulated object + N actions,native In-basket predicate,different manipulated objects; object sets not identical across tasks; not same-object two-goal design,poor_different_object_same_basket,20
libero_object,pick_up_the_butter_and_place_it_in_the_basket,pick_up_the_milk_and_place_it_in_the_basket,pick up the butter and place it in the basket,pick up the milk and place it in the basket,butter_1|milk_1,basket_1_contain_region,basket_1_contain_region,In(butter_1 basket_1_contain_region),In(milk_1 basket_1_contain_region),False,True,False,False,True,False,False,In/In,False,after first grasp of manipulated object + N actions,native In-basket predicate,different manipulated objects; object sets not identical across tasks; not same-object two-goal design,poor_different_object_same_basket,20
libero_object,pick_up_the_butter_and_place_it_in_the_basket,pick_up_the_orange_juice_and_place_it_in_the_basket,pick up the butter and place it in the basket,pick up the orange juice and place it in the basket,butter_1|orange_juice_1,basket_1_contain_region,basket_1_contain_region,In(butter_1 basket_1_contain_region),In(orange_juice_1 basket_1_contain_region),False,True,False,False,True,False,False,In/In,False,after first grasp of manipulated object + N actions,native In-basket predicate,different manipulated objects; object sets not identical across tasks; not same-object two-goal design,poor_different_object_same_basket,20
libero_object,pick_up_the_chocolate_pudding_and_place_it_in_the_basket,pick_up_the_orange_juice_and_place_it_in_the_basket,pick up the chocolate pudding and place it in the basket,pick up the orange juice and place it in the basket,chocolate_pudding_1|orange_juice_1,basket_1_contain_region,basket_1_contain_region,In(chocolate_pudding_1 basket_1_contain_region),In(orange_juice_1 basket_1_contain_region),False,True,False,False,True,False,False,In/In,False,after first grasp of manipulated object + N actions,native In-basket predicate,different manipulated objects; object sets not identical across tasks; not same-object two-goal design,poor_different_object_same_basket,20
libero_object,pick_up_the_cream_cheese_and_place_it_in_the_basket,pick_up_the_bbq_sauce_and_place_it_in_the_basket,pick up the cream cheese and place it in the basket,pick up the bbq sauce and place it in the basket,cream_cheese_1|bbq_sauce_1,basket_1_contain_region,basket_1_contain_region,In(cream_cheese_1 basket_1_contain_region),In(bbq_sauce_1 basket_1_contain_region),False,True,False,False,True,False,False,In/In,False,after first grasp of manipulated object + N actions,native In-basket predicate,different manipulated objects; object sets not identical across tasks; not same-object two-goal design,poor_different_object_same_basket,20
libero_object,pick_up_the_cream_cheese_and_place_it_in_the_basket,pick_up_the_butter_and_place_it_in_the_basket,pick up the cream cheese and place it in the basket,pick up the butter and place it in the basket,cream_cheese_1|butter_1,basket_1_contain_region,basket_1_contain_region,In(cream_cheese_1 basket_1_contain_region),In(butter_1 basket_1_contain_region),False,True,False,False,True,False,False,In/In,False,after first grasp of manipulated object + N actions,native In-basket predicate,different manipulated objects; object sets not identical across tasks; not same-object two-goal design,poor_different_object_same_basket,20
libero_object,pick_up_the_cream_cheese_and_place_it_in_the_basket,pick_up_the_chocolate_pudding_and_place_it_in_the_basket,pick up the cream cheese and place it in the basket,pick up the chocolate pudding and place it in the basket,cream_cheese_1|chocolate_pudding_1,basket_1_contain_region,basket_1_contain_region,In(cream_cheese_1 basket_1_contain_region),In(chocolate_pudding_1 basket_1_contain_region),False,True,False,False,True,False,False,In/In,False,after first grasp of manipulated object + N actions,native In-basket predicate,different manipulated objects; object sets not identical across tasks; not same-object two-goal design,poor_different_object_same_basket,20
libero_object,pick_up_the_cream_cheese_and_place_it_in_the_basket,pick_up_the_ketchup_and_place_it_in_the_basket,pick up the cream cheese and place it in the basket,pick up the ketchup and place it in the basket,cream_cheese_1|ketchup_1,basket_1_contain_region,basket_1_contain_region,In(cream_cheese_1 basket_1_contain_region),In(ketchup_1 basket_1_contain_region),False,True,False,False,True,False,False,In/In,False,after first grasp of manipulated object + N actions,native In-basket predicate,different manipulated objects; object sets not identical across tasks; not same-object two-goal design,poor_different_object_same_basket,20
libero_object,pick_up_the_cream_cheese_and_place_it_in_the_basket,pick_up_the_milk_and_place_it_in_the_basket,pick up the cream cheese and place it in the basket,pick up the milk and place it in the basket,cream_cheese_1|milk_1,basket_1_contain_region,basket_1_contain_region,In(cream_cheese_1 basket_1_contain_region),In(milk_1 basket_1_contain_region),False,True,False,False,True,False,False,In/In,False,after first grasp of manipulated object + N actions,native In-basket predicate,different manipulated objects; object sets not identical across tasks; not same-object two-goal design,poor_different_object_same_basket,20
libero_object,pick_up_the_cream_cheese_and_place_it_in_the_basket,pick_up_the_orange_juice_and_place_it_in_the_basket,pick up the cream cheese and place it in the basket,pick up the orange juice and place it in the basket,cream_cheese_1|orange_juice_1,basket_1_contain_region,basket_1_contain_region,In(cream_cheese_1 basket_1_contain_region),In(orange_juice_1 basket_1_contain_region),False,True,False,False,True,False,False,In/In,False,after first grasp of manipulated object + N actions,native In-basket predicate,different manipulated objects; object sets not identical across tasks; not same-object two-goal design,poor_different_object_same_basket,20
libero_object,pick_up_the_cream_cheese_and_place_it_in_the_basket,pick_up_the_salad_dressing_and_place_it_in_the_basket,pick up the cream cheese and place it in the basket,pick up the salad dressing and place it in the basket,cream_cheese_1|salad_dressing_1,basket_1_contain_region,basket_1_contain_region,In(cream_cheese_1 basket_1_contain_region),In(salad_dressing_1 basket_1_contain_region),False,True,False,False,True,False,False,In/In,False,after first grasp of manipulated object + N actions,native In-basket predicate,different manipulated objects; object sets not identical across tasks; not same-object two-goal design,poor_different_object_same_basket,20
libero_object,pick_up_the_cream_cheese_and_place_it_in_the_basket,pick_up_the_tomato_sauce_and_place_it_in_the_basket,pick up the cream cheese and place it in the basket,pick up the tomato sauce and place it in the basket,cream_cheese_1|tomato_sauce_1,basket_1_contain_region,basket_1_contain_region,In(cream_cheese_1 basket_1_contain_region),In(tomato_sauce_1 basket_1_contain_region),False,True,False,False,True,False,False,In/In,False,after first grasp of manipulated object + N actions,native In-basket predicate,different manipulated objects; object sets not identical across tasks; not same-object two-goal design,poor_different_object_same_basket,20
libero_object,pick_up_the_ketchup_and_place_it_in_the_basket,pick_up_the_butter_and_place_it_in_the_basket,pick up the ketchup and place it in the basket,pick up the butter and place it in the basket,ketchup_1|butter_1,basket_1_contain_region,basket_1_contain_region,In(ketchup_1 basket_1_contain_region),In(butter_1 basket_1_contain_region),False,True,False,False,True,False,False,In/In,False,after first grasp of manipulated object + N actions,native In-basket predicate,different manipulated objects; object sets not identical across tasks; not same-object two-goal design,poor_different_object_same_basket,20
libero_object,pick_up_the_ketchup_and_place_it_in_the_basket,pick_up_the_chocolate_pudding_and_place_it_in_the_basket,pick up the ketchup and place it in the basket,pick up the chocolate pudding and place it in the basket,ketchup_1|chocolate_pudding_1,basket_1_contain_region,basket_1_contain_region,In(ketchup_1 basket_1_contain_region),In(chocolate_pudding_1 basket_1_contain_region),False,True,False,False,True,False,False,In/In,False,after first grasp of manipulated object + N actions,native In-basket predicate,different manipulated objects; object sets not identical across tasks; not same-object two-goal design,poor_different_object_same_basket,20
libero_object,pick_up_the_ketchup_and_place_it_in_the_basket,pick_up_the_milk_and_place_it_in_the_basket,pick up the ketchup and place it in the basket,pick up the milk and place it in the basket,ketchup_1|milk_1,basket_1_contain_region,basket_1_contain_region,In(ketchup_1 basket_1_contain_region),In(milk_1 basket_1_contain_region),False,True,False,False,True,False,False,In/In,False,after first grasp of manipulated object + N actions,native In-basket predicate,different manipulated objects; object sets not identical across tasks; not same-object two-goal design,poor_different_object_same_basket,20
libero_object,pick_up_the_ketchup_and_place_it_in_the_basket,pick_up_the_orange_juice_and_place_it_in_the_basket,pick up the ketchup and place it in the basket,pick up the orange juice and place it in the basket,ketchup_1|orange_juice_1,basket_1_contain_region,basket_1_contain_region,In(ketchup_1 basket_1_contain_region),In(orange_juice_1 basket_1_contain_region),False,True,False,False,True,False,False,In/In,False,after first grasp of manipulated object + N actions,native In-basket predicate,different manipulated objects; object sets not identical across tasks; not same-object two-goal design,poor_different_object_same_basket,20
libero_object,pick_up_the_ketchup_and_place_it_in_the_basket,pick_up_the_tomato_sauce_and_place_it_in_the_basket,pick up the ketchup and place it in the basket,pick up the tomato sauce and place it in the basket,ketchup_1|tomato_sauce_1,basket_1_contain_region,basket_1_contain_region,In(ketchup_1 basket_1_contain_region),In(tomato_sauce_1 basket_1_contain_region),False,True,False,False,True,False,False,In/In,False,after first grasp of manipulated object + N actions,native In-basket predicate,different manipulated objects; object sets not identical across tasks; not same-object two-goal design,poor_different_object_same_basket,20
libero_object,pick_up_the_milk_and_place_it_in_the_basket,pick_up_the_chocolate_pudding_and_place_it_in_the_basket,pick up the milk and place it in the basket,pick up the chocolate pudding and place it in the basket,milk_1|chocolate_pudding_1,basket_1_contain_region,basket_1_contain_region,In(milk_1 basket_1_contain_region),In(chocolate_pudding_1 basket_1_contain_region),False,True,False,False,True,False,False,In/In,False,after first grasp of manipulated object + N actions,native In-basket predicate,different manipulated objects; object sets not identical across tasks; not same-object two-goal design,poor_different_object_same_basket,20
libero_object,pick_up_the_milk_and_place_it_in_the_basket,pick_up_the_orange_juice_and_place_it_in_the_basket,pick up the milk and place it in the basket,pick up the orange juice and place it in the basket,milk_1|orange_juice_1,basket_1_contain_region,basket_1_contain_region,In(milk_1 basket_1_contain_region),In(orange_juice_1 basket_1_contain_region),False,True,False,False,True,False,False,In/In,False,after first grasp of manipulated object + N actions,native In-basket predicate,different manipulated objects; object sets not identical across tasks; not same-object two-goal design,poor_different_object_same_basket,20
libero_object,pick_up_the_salad_dressing_and_place_it_in_the_basket,pick_up_the_bbq_sauce_and_place_it_in_the_basket,pick up the salad dressing and place it in the basket,pick up the bbq sauce and place it in the basket,salad_dressing_1|bbq_sauce_1,basket_1_contain_region,basket_1_contain_region,In(salad_dressing_1 basket_1_contain_region),In(bbq_sauce_1 basket_1_contain_region),False,True,False,False,True,False,False,In/In,False,after first grasp of manipulated object + N actions,native In-basket predicate,different manipulated objects; object sets not identical across tasks; not same-object two-goal design,poor_different_object_same_basket,20
libero_object,pick_up_the_salad_dressing_and_place_it_in_the_basket,pick_up_the_butter_and_place_it_in_the_basket,pick up the salad dressing and place it in the basket,pick up the butter and place it in the basket,salad_dressing_1|butter_1,basket_1_contain_region,basket_1_contain_region,In(salad_dressing_1 basket_1_contain_region),In(butter_1 basket_1_contain_region),False,True,False,False,True,False,False,In/In,False,after first grasp of manipulated object + N actions,native In-basket predicate,different manipulated objects; object sets not identical across tasks; not same-object two-goal design,poor_different_object_same_basket,20
libero_object,pick_up_the_salad_dressing_and_place_it_in_the_basket,pick_up_the_chocolate_pudding_and_place_it_in_the_basket,pick up the salad dressing and place it in the basket,pick up the chocolate pudding and place it in the basket,salad_dressing_1|chocolate_pudding_1,basket_1_contain_region,basket_1_contain_region,In(salad_dressing_1 basket_1_contain_region),In(chocolate_pudding_1 basket_1_contain_region),False,True,False,False,True,False,False,In/In,False,after first grasp of manipulated object + N actions,native In-basket predicate,different manipulated objects; object sets not identical across tasks; not same-object two-goal design,poor_different_object_same_basket,20
libero_object,pick_up_the_salad_dressing_and_place_it_in_the_basket,pick_up_the_ketchup_and_place_it_in_the_basket,pick up the salad dressing and place it in the basket,pick up the ketchup and place it in the basket,salad_dressing_1|ketchup_1,basket_1_contain_region,basket_1_contain_region,In(salad_dressing_1 basket_1_contain_region),In(ketchup_1 basket_1_contain_region),False,True,False,False,True,False,False,In/In,False,after first grasp of manipulated object + N actions,native In-basket predicate,different manipulated objects; object sets not identical across tasks; not same-object two-goal design,poor_different_object_same_basket,20
libero_object,pick_up_the_salad_dressing_and_place_it_in_the_basket,pick_up_the_milk_and_place_it_in_the_basket,pick up the salad dressing and place it in the basket,pick up the milk and place it in the basket,salad_dressing_1|milk_1,basket_1_contain_region,basket_1_contain_region,In(salad_dressing_1 basket_1_contain_region),In(milk_1 basket_1_contain_region),False,True,False,False,True,False,False,In/In,False,after first grasp of manipulated object + N actions,native In-basket predicate,different manipulated objects; object sets not identical across tasks; not same-object two-goal design,poor_different_object_same_basket,20
libero_object,pick_up_the_salad_dressing_and_place_it_in_the_basket,pick_up_the_orange_juice_and_place_it_in_the_basket,pick up the salad dressing and place it in the basket,pick up the orange juice and place it in the basket,salad_dressing_1|orange_juice_1,basket_1_contain_region,basket_1_contain_region,In(salad_dressing_1 basket_1_contain_region),In(orange_juice_1 basket_1_contain_region),False,True,False,False,True,False,False,In/In,False,after first grasp of manipulated object + N actions,native In-basket predicate,different manipulated objects; object sets not identical across tasks; not same-object two-goal design,poor_different_object_same_basket,20
libero_object,pick_up_the_salad_dressing_and_place_it_in_the_basket,pick_up_the_tomato_sauce_and_place_it_in_the_basket,pick up the salad dressing and place it in the basket,pick up the tomato sauce and place it in the basket,salad_dressing_1|tomato_sauce_1,basket_1_contain_region,basket_1_contain_region,In(salad_dressing_1 basket_1_contain_region),In(tomato_sauce_1 basket_1_contain_region),False,True,False,False,True,False,False,In/In,False,after first grasp of manipulated object + N actions,native In-basket predicate,different manipulated objects; object sets not identical across tasks; not same-object two-goal design,poor_different_object_same_basket,20
libero_object,pick_up_the_tomato_sauce_and_place_it_in_the_basket,pick_up_the_butter_and_place_it_in_the_basket,pick up the tomato sauce and place it in the basket,pick up the butter and place it in the basket,tomato_sauce_1|butter_1,basket_1_contain_region,basket_1_contain_region,In(tomato_sauce_1 basket_1_contain_region),In(butter_1 basket_1_contain_region),False,True,False,False,True,False,False,In/In,False,after first grasp of manipulated object + N actions,native In-basket predicate,different manipulated objects; object sets not identical across tasks; not same-object two-goal design,poor_different_object_same_basket,20
libero_object,pick_up_the_tomato_sauce_and_place_it_in_the_basket,pick_up_the_chocolate_pudding_and_place_it_in_the_basket,pick up the tomato sauce and place it in the basket,pick up the chocolate pudding and place it in the basket,tomato_sauce_1|chocolate_pudding_1,basket_1_contain_region,basket_1_contain_region,In(tomato_sauce_1 basket_1_contain_region),In(chocolate_pudding_1 basket_1_contain_region),False,True,False,False,True,False,False,In/In,False,after first grasp of manipulated object + N actions,native In-basket predicate,different manipulated objects; object sets not identical across tasks; not same-object two-goal design,poor_different_object_same_basket,20
libero_object,pick_up_the_tomato_sauce_and_place_it_in_the_basket,pick_up_the_milk_and_place_it_in_the_basket,pick up the tomato sauce and place it in the basket,pick up the milk and place it in the basket,tomato_sauce_1|milk_1,basket_1_contain_region,basket_1_contain_region,In(tomato_sauce_1 basket_1_contain_region),In(milk_1 basket_1_contain_region),False,True,False,False,True,False,False,In/In,False,after first grasp of manipulated object + N actions,native In-basket predicate,different manipulated objects; object sets not identical across tasks; not same-object two-goal design,poor_different_object_same_basket,20
libero_object,pick_up_the_tomato_sauce_and_place_it_in_the_basket,pick_up_the_orange_juice_and_place_it_in_the_basket,pick up the tomato sauce and place it in the basket,pick up the orange juice and place it in the basket,tomato_sauce_1|orange_juice_1,basket_1_contain_region,basket_1_contain_region,In(tomato_sauce_1 basket_1_contain_region),In(orange_juice_1 basket_1_contain_region),False,True,False,False,True,False,False,In/In,False,after first grasp of manipulated object + N actions,native In-basket predicate,different manipulated objects; object sets not identical across tasks; not same-object two-goal design,poor_different_object_same_basket,20
libero_10,KITCHEN_SCENE3_turn_on_the_stove_and_put_the_moka_pot_on_it,KITCHEN_SCENE4_put_the_black_bowl_in_the_bottom_drawer_of_the_cabinet_and_close_it,turn on the stove and put the moka pot on it,put the black bowl in the bottom drawer of the cabinet and close it,moka_pot_1|akita_black_bowl_1,flat_stove_1_cook_region,white_cabinet_1_bottom_region,Turnon(flat_stove_1);On(moka_pot_1 flat_stove_1_cook_region),Close(white_cabinet_1_bottom_region);In(akita_black_bowl_1 white_cabinet_1_bottom_region),False,True,False,False,False,False,False,other,True,after first grasp of manipulated object + N actions,native training suite,spatial suite shares one destination; or scene/init mismatch,secondary_multistep,10
libero_10,KITCHEN_SCENE3_turn_on_the_stove_and_put_the_moka_pot_on_it,KITCHEN_SCENE6_put_the_yellow_and_white_mug_in_the_microwave_and_close_it,turn on the stove and put the moka pot on it,put the yellow and white mug in the microwave and close it,moka_pot_1|white_yellow_mug_1,flat_stove_1_cook_region,microwave_1_heating_region,Turnon(flat_stove_1);On(moka_pot_1 flat_stove_1_cook_region),In(white_yellow_mug_1 microwave_1_heating_region);Close(microwave_1),False,True,False,False,False,False,False,other,True,after first grasp of manipulated object + N actions,native training suite,spatial suite shares one destination; or scene/init mismatch,secondary_multistep,10
libero_10,KITCHEN_SCENE3_turn_on_the_stove_and_put_the_moka_pot_on_it,KITCHEN_SCENE8_put_both_moka_pots_on_the_stove,turn on the stove and put the moka pot on it,put both moka pots on the stove,moka_pot_1,flat_stove_1_cook_region,flat_stove_1_cook_region,Turnon(flat_stove_1);On(moka_pot_1 flat_stove_1_cook_region),On(moka_pot_1 flat_stove_1_cook_region);On(moka_pot_2 flat_stove_1_cook_region);Turnon(flat_stove_1),False,True,False,True,False,False,False,other,True,after first grasp of manipulated object + N actions,native training suite,spatial suite shares one destination; or scene/init mismatch,secondary_multistep,10
libero_10,KITCHEN_SCENE3_turn_on_the_stove_and_put_the_moka_pot_on_it,LIVING_ROOM_SCENE1_put_both_the_alphabet_soup_and_the_cream_cheese_box_in_the_basket,turn on the stove and put the moka pot on it,put both the alphabet soup and the cream cheese box in the basket,moka_pot_1|alphabet_soup_1,flat_stove_1_cook_region,basket_1_contain_region,Turnon(flat_stove_1);On(moka_pot_1 flat_stove_1_cook_region),In(alphabet_soup_1 basket_1_contain_region);In(cream_cheese_1 basket_1_contain_region),False,True,False,False,False,False,False,other,True,after first grasp of manipulated object + N actions,native training suite,spatial suite shares one destination; or scene/init mismatch,secondary_multistep,10
libero_10,KITCHEN_SCENE3_turn_on_the_stove_and_put_the_moka_pot_on_it,LIVING_ROOM_SCENE5_put_the_white_mug_on_the_left_plate_and_put_the_yellow_and_white_mug_on_the_right_plate,turn on the stove and put the moka pot on it,put the white mug on the left plate and put the yellow and white mug on the right plate,moka_pot_1|porcelain_mug_1,flat_stove_1_cook_region,plate_1,Turnon(flat_stove_1);On(moka_pot_1 flat_stove_1_cook_region),On(porcelain_mug_1 plate_1);On(white_yellow_mug_1 plate_2),False,True,False,False,False,False,False,other,True,after first grasp of manipulated object + N actions,native training suite,spatial suite shares one destination; or scene/init mismatch,secondary_multistep,10
libero_10,KITCHEN_SCENE3_turn_on_the_stove_and_put_the_moka_pot_on_it,LIVING_ROOM_SCENE6_put_the_white_mug_on_the_plate_and_put_the_chocolate_pudding_to_the_right_of_the_plate,turn on the stove and put the moka pot on it,put the white mug on the plate and put the chocolate pudding to the right of the plate,moka_pot_1|porcelain_mug_1,flat_stove_1_cook_region,plate_1,Turnon(flat_stove_1);On(moka_pot_1 flat_stove_1_cook_region),On(porcelain_mug_1 plate_1);On(chocolate_pudding_1 living_room_table_plate_right_region),False,True,False,False,False,False,False,other,True,after first grasp of manipulated object + N actions,native training suite,spatial suite shares one destination; or scene/init mismatch,secondary_multistep,10
libero_10,KITCHEN_SCENE3_turn_on_the_stove_and_put_the_moka_pot_on_it,STUDY_SCENE1_pick_up_the_book_and_place_it_in_the_back_compartment_of_the_caddy,turn on the stove and put the moka pot on it,pick up the book and place it in the back compartment of the caddy,moka_pot_1|black_book_1,flat_stove_1_cook_region,desk_caddy_1_back_contain_region,Turnon(flat_stove_1);On(moka_pot_1 flat_stove_1_cook_region),In(black_book_1 desk_caddy_1_back_contain_region),False,True,False,False,False,False,False,other,True,after first grasp of manipulated object + N actions,native training suite,spatial suite shares one destination; or scene/init mismatch,secondary_multistep,10
libero_10,KITCHEN_SCENE4_put_the_black_bowl_in_the_bottom_drawer_of_the_cabinet_and_close_it,KITCHEN_SCENE6_put_the_yellow_and_white_mug_in_the_microwave_and_close_it,put the black bowl in the bottom drawer of the cabinet and close it,put the yellow and white mug in the microwave and close it,akita_black_bowl_1|white_yellow_mug_1,white_cabinet_1_bottom_region,microwave_1_heating_region,Close(white_cabinet_1_bottom_region);In(akita_black_bowl_1 white_cabinet_1_bottom_region),In(white_yellow_mug_1 microwave_1_heating_region);Close(microwave_1),False,True,False,False,False,False,False,other,True,after first grasp of manipulated object + N actions,native training suite,spatial suite shares one destination; or scene/init mismatch,secondary_multistep,10
libero_10,KITCHEN_SCENE4_put_the_black_bowl_in_the_bottom_drawer_of_the_cabinet_and_close_it,KITCHEN_SCENE8_put_both_moka_pots_on_the_stove,put the black bowl in the bottom drawer of the cabinet and close it,put both moka pots on the stove,akita_black_bowl_1|moka_pot_1,white_cabinet_1_bottom_region,flat_stove_1_cook_region,Close(white_cabinet_1_bottom_region);In(akita_black_bowl_1 white_cabinet_1_bottom_region),On(moka_pot_1 flat_stove_1_cook_region);On(moka_pot_2 flat_stove_1_cook_region);Turnon(flat_stove_1),False,True,False,False,False,False,False,other,True,after first grasp of manipulated object + N actions,native training suite,spatial suite shares one destination; or scene/init mismatch,secondary_multistep,10
libero_10,KITCHEN_SCENE4_put_the_black_bowl_in_the_bottom_drawer_of_the_cabinet_and_close_it,LIVING_ROOM_SCENE1_put_both_the_alphabet_soup_and_the_cream_cheese_box_in_the_basket,put the black bowl in the bottom drawer of the cabinet and close it,put both the alphabet soup and the cream cheese box in the basket,akita_black_bowl_1|alphabet_soup_1,white_cabinet_1_bottom_region,basket_1_contain_region,Close(white_cabinet_1_bottom_region);In(akita_black_bowl_1 white_cabinet_1_bottom_region),In(alphabet_soup_1 basket_1_contain_region);In(cream_cheese_1 basket_1_contain_region),False,True,False,False,True,False,False,other,True,after first grasp of manipulated object + N actions,native training suite,spatial suite shares one destination; or scene/init mismatch,secondary_multistep,10
libero_10,KITCHEN_SCENE4_put_the_black_bowl_in_the_bottom_drawer_of_the_cabinet_and_close_it,LIVING_ROOM_SCENE5_put_the_white_mug_on_the_left_plate_and_put_the_yellow_and_white_mug_on_the_right_plate,put the black bowl in the bottom drawer of the cabinet and close it,put the white mug on the left plate and put the yellow and white mug on the right plate,akita_black_bowl_1|porcelain_mug_1,white_cabinet_1_bottom_region,plate_1,Close(white_cabinet_1_bottom_region);In(akita_black_bowl_1 white_cabinet_1_bottom_region),On(porcelain_mug_1 plate_1);On(white_yellow_mug_1 plate_2),False,True,False,False,False,False,False,other,True,after first grasp of manipulated object + N actions,native training suite,spatial suite shares one destination; or scene/init mismatch,secondary_multistep,10
libero_10,KITCHEN_SCENE4_put_the_black_bowl_in_the_bottom_drawer_of_the_cabinet_and_close_it,LIVING_ROOM_SCENE6_put_the_white_mug_on_the_plate_and_put_the_chocolate_pudding_to_the_right_of_the_plate,put the black bowl in the bottom drawer of the cabinet and close it,put the white mug on the plate and put the chocolate pudding to the right of the plate,akita_black_bowl_1|porcelain_mug_1,white_cabinet_1_bottom_region,plate_1,Close(white_cabinet_1_bottom_region);In(akita_black_bowl_1 white_cabinet_1_bottom_region),On(porcelain_mug_1 plate_1);On(chocolate_pudding_1 living_room_table_plate_right_region),False,True,False,False,True,False,False,other,True,after first grasp of manipulated object + N actions,native training suite,spatial suite shares one destination; or scene/init mismatch,secondary_multistep,10
libero_10,KITCHEN_SCENE4_put_the_black_bowl_in_the_bottom_drawer_of_the_cabinet_and_close_it,STUDY_SCENE1_pick_up_the_book_and_place_it_in_the_back_compartment_of_the_caddy,put the black bowl in the bottom drawer of the cabinet and close it,pick up the book and place it in the back compartment of the caddy,akita_black_bowl_1|black_book_1,white_cabinet_1_bottom_region,desk_caddy_1_back_contain_region,Close(white_cabinet_1_bottom_region);In(akita_black_bowl_1 white_cabinet_1_bottom_region),In(black_book_1 desk_caddy_1_back_contain_region),False,True,False,False,True,False,False,other,True,after first grasp of manipulated object + N actions,native training suite,spatial suite shares one destination; or scene/init mismatch,secondary_multistep,10
libero_10,KITCHEN_SCENE8_put_both_moka_pots_on_the_stove,KITCHEN_SCENE6_put_the_yellow_and_white_mug_in_the_microwave_and_close_it,put both moka pots on the stove,put the yellow and white mug in the microwave and close it,moka_pot_1|white_yellow_mug_1,flat_stove_1_cook_region,microwave_1_heating_region,On(moka_pot_1 flat_stove_1_cook_region);On(moka_pot_2 flat_stove_1_cook_region);Turnon(flat_stove_1),In(white_yellow_mug_1 microwave_1_heating_region);Close(microwave_1),False,True,False,False,False,False,False,other,True,after first grasp of manipulated object + N actions,native training suite,spatial suite shares one destination; or scene/init mismatch,secondary_multistep,10
libero_10,LIVING_ROOM_SCENE1_put_both_the_alphabet_soup_and_the_cream_cheese_box_in_the_basket,KITCHEN_SCENE6_put_the_yellow_and_white_mug_in_the_microwave_and_close_it,put both the alphabet soup and the cream cheese box in the basket,put the yellow and white mug in the microwave and close it,alphabet_soup_1|white_yellow_mug_1,basket_1_contain_region,microwave_1_heating_region,In(alphabet_soup_1 basket_1_contain_region);In(cream_cheese_1 basket_1_contain_region),In(white_yellow_mug_1 microwave_1_heating_region);Close(microwave_1),False,True,False,False,False,False,False,other,True,after first grasp of manipulated object + N actions,native training suite,spatial suite shares one destination; or scene/init mismatch,secondary_multistep,10
libero_10,LIVING_ROOM_SCENE1_put_both_the_alphabet_soup_and_the_cream_cheese_box_in_the_basket,KITCHEN_SCENE8_put_both_moka_pots_on_the_stove,put both the alphabet soup and the cream cheese box in the basket,put both moka pots on the stove,alphabet_soup_1|moka_pot_1,basket_1_contain_region,flat_stove_1_cook_region,In(alphabet_soup_1 basket_1_contain_region);In(cream_cheese_1 basket_1_contain_region),On(moka_pot_1 flat_stove_1_cook_region);On(moka_pot_2 flat_stove_1_cook_region);Turnon(flat_stove_1),False,True,False,False,False,False,False,other,True,after first grasp of manipulated object + N actions,native training suite,spatial suite shares one destination; or scene/init mismatch,secondary_multistep,10
libero_10,LIVING_ROOM_SCENE2_put_both_the_alphabet_soup_and_the_tomato_sauce_in_the_basket,KITCHEN_SCENE3_turn_on_the_stove_and_put_the_moka_pot_on_it,put both the alphabet soup and the tomato sauce in the basket,turn on the stove and put the moka pot on it,alphabet_soup_1|moka_pot_1,basket_1_contain_region,flat_stove_1_cook_region,In(alphabet_soup_1 basket_1_contain_region);In(tomato_sauce_1 basket_1_contain_region),Turnon(flat_stove_1);On(moka_pot_1 flat_stove_1_cook_region),False,True,False,False,False,False,False,other,True,after first grasp of manipulated object + N actions,native training suite,spatial suite shares one destination; or scene/init mismatch,secondary_multistep,10
libero_10,LIVING_ROOM_SCENE2_put_both_the_alphabet_soup_and_the_tomato_sauce_in_the_basket,KITCHEN_SCENE4_put_the_black_bowl_in_the_bottom_drawer_of_the_cabinet_and_close_it,put both the alphabet soup and the tomato sauce in the basket,put the black bowl in the bottom drawer of the cabinet and close it,alphabet_soup_1|akita_black_bowl_1,basket_1_contain_region,white_cabinet_1_bottom_region,In(alphabet_soup_1 basket_1_contain_region);In(tomato_sauce_1 basket_1_contain_region),Close(white_cabinet_1_bottom_region);In(akita_black_bowl_1 white_cabinet_1_bottom_region),False,True,False,False,True,False,False,other,True,after first grasp of manipulated object + N actions,native training suite,spatial suite shares one destination; or scene/init mismatch,secondary_multistep,10
libero_10,LIVING_ROOM_SCENE2_put_both_the_alphabet_soup_and_the_tomato_sauce_in_the_basket,KITCHEN_SCENE6_put_the_yellow_and_white_mug_in_the_microwave_and_close_it,put both the alphabet soup and the tomato sauce in the basket,put the yellow and white mug in the microwave and close it,alphabet_soup_1|white_yellow_mug_1,basket_1_contain_region,microwave_1_heating_region,In(alphabet_soup_1 basket_1_contain_region);In(tomato_sauce_1 basket_1_contain_region),In(white_yellow_mug_1 microwave_1_heating_region);Close(microwave_1),False,True,False,False,False,False,False,other,True,after first grasp of manipulated object + N actions,native training suite,spatial suite shares one destination; or scene/init mismatch,secondary_multistep,10
libero_10,LIVING_ROOM_SCENE2_put_both_the_alphabet_soup_and_the_tomato_sauce_in_the_basket,KITCHEN_SCENE8_put_both_moka_pots_on_the_stove,put both the alphabet soup and the tomato sauce in the basket,put both moka pots on the stove,alphabet_soup_1|moka_pot_1,basket_1_contain_region,flat_stove_1_cook_region,In(alphabet_soup_1 basket_1_contain_region);In(tomato_sauce_1 basket_1_contain_region),On(moka_pot_1 flat_stove_1_cook_region);On(moka_pot_2 flat_stove_1_cook_region);Turnon(flat_stove_1),False,True,False,False,False,False,False,other,True,after first grasp of manipulated object + N actions,native training suite,spatial suite shares one destination; or scene/init mismatch,secondary_multistep,10
libero_10,LIVING_ROOM_SCENE2_put_both_the_alphabet_soup_and_the_tomato_sauce_in_the_basket,LIVING_ROOM_SCENE1_put_both_the_alphabet_soup_and_the_cream_cheese_box_in_the_basket,put both the alphabet soup and the tomato sauce in the basket,put both the alphabet soup and the cream cheese box in the basket,alphabet_soup_1,basket_1_contain_region,basket_1_contain_region,In(alphabet_soup_1 basket_1_contain_region);In(tomato_sauce_1 basket_1_contain_region),In(alphabet_soup_1 basket_1_contain_region);In(cream_cheese_1 basket_1_contain_region),False,True,False,True,True,False,False,In/In,True,after first grasp of manipulated object + N actions,native training suite,spatial suite shares one destination; or scene/init mismatch,secondary_multistep,10
libero_10,LIVING_ROOM_SCENE2_put_both_the_alphabet_soup_and_the_tomato_sauce_in_the_basket,LIVING_ROOM_SCENE5_put_the_white_mug_on_the_left_plate_and_put_the_yellow_and_white_mug_on_the_right_plate,put both the alphabet soup and the tomato sauce in the basket,put the white mug on the left plate and put the yellow and white mug on the right plate,alphabet_soup_1|porcelain_mug_1,basket_1_contain_region,plate_1,In(alphabet_soup_1 basket_1_contain_region);In(tomato_sauce_1 basket_1_contain_region),On(porcelain_mug_1 plate_1);On(white_yellow_mug_1 plate_2),False,True,False,False,False,False,False,On/In,True,after first grasp of manipulated object + N actions,native training suite,spatial suite shares one destination; or scene/init mismatch,secondary_multistep,10
libero_10,LIVING_ROOM_SCENE2_put_both_the_alphabet_soup_and_the_tomato_sauce_in_the_basket,LIVING_ROOM_SCENE6_put_the_white_mug_on_the_plate_and_put_the_chocolate_pudding_to_the_right_of_the_plate,put both the alphabet soup and the tomato sauce in the basket,put the white mug on the plate and put the chocolate pudding to the right of the plate,alphabet_soup_1|porcelain_mug_1,basket_1_contain_region,plate_1,In(alphabet_soup_1 basket_1_contain_region);In(tomato_sauce_1 basket_1_contain_region),On(porcelain_mug_1 plate_1);On(chocolate_pudding_1 living_room_table_plate_right_region),False,True,False,False,True,False,False,On/In,True,after first grasp of manipulated object + N actions,native training suite,spatial suite shares one destination; or scene/init mismatch,secondary_multistep,10
libero_10,LIVING_ROOM_SCENE2_put_both_the_alphabet_soup_and_the_tomato_sauce_in_the_basket,STUDY_SCENE1_pick_up_the_book_and_place_it_in_the_back_compartment_of_the_caddy,put both the alphabet soup and the tomato sauce in the basket,pick up the book and place it in the back compartment of the caddy,alphabet_soup_1|black_book_1,basket_1_contain_region,desk_caddy_1_back_contain_region,In(alphabet_soup_1 basket_1_contain_region);In(tomato_sauce_1 basket_1_contain_region),In(black_book_1 desk_caddy_1_back_contain_region),False,True,False,False,True,False,False,In/In,True,after first grasp of manipulated object + N actions,native training suite,spatial suite shares one destination; or scene/init mismatch,secondary_multistep,10
libero_10,LIVING_ROOM_SCENE2_put_both_the_cream_cheese_box_and_the_butter_in_the_basket,KITCHEN_SCENE3_turn_on_the_stove_and_put_the_moka_pot_on_it,put both the cream cheese box and the butter in the basket,turn on the stove and put the moka pot on it,cream_cheese_1|moka_pot_1,basket_1_contain_region,flat_stove_1_cook_region,In(cream_cheese_1 basket_1_contain_region);In(butter_1 basket_1_contain_region),Turnon(flat_stove_1);On(moka_pot_1 flat_stove_1_cook_region),False,True,False,False,False,False,False,other,True,after first grasp of manipulated object + N actions,native training suite,spatial suite shares one destination; or scene/init mismatch,secondary_multistep,10
libero_10,LIVING_ROOM_SCENE2_put_both_the_cream_cheese_box_and_the_butter_in_the_basket,KITCHEN_SCENE4_put_the_black_bowl_in_the_bottom_drawer_of_the_cabinet_and_close_it,put both the cream cheese box and the butter in the basket,put the black bowl in the bottom drawer of the cabinet and close it,cream_cheese_1|akita_black_bowl_1,basket_1_contain_region,white_cabinet_1_bottom_region,In(cream_cheese_1 basket_1_contain_region);In(butter_1 basket_1_contain_region),Close(white_cabinet_1_bottom_region);In(akita_black_bowl_1 white_cabinet_1_bottom_region),False,True,False,False,True,False,False,other,True,after first grasp of manipulated object + N actions,native training suite,spatial suite shares one destination; or scene/init mismatch,secondary_multistep,10
libero_10,LIVING_ROOM_SCENE2_put_both_the_cream_cheese_box_and_the_butter_in_the_basket,KITCHEN_SCENE6_put_the_yellow_and_white_mug_in_the_microwave_and_close_it,put both the cream cheese box and the butter in the basket,put the yellow and white mug in the microwave and close it,cream_cheese_1|white_yellow_mug_1,basket_1_contain_region,microwave_1_heating_region,In(cream_cheese_1 basket_1_contain_region);In(butter_1 basket_1_contain_region),In(white_yellow_mug_1 microwave_1_heating_region);Close(microwave_1),False,True,False,False,False,False,False,other,True,after first grasp of manipulated object + N actions,native training suite,spatial suite shares one destination; or scene/init mismatch,secondary_multistep,10
libero_10,LIVING_ROOM_SCENE2_put_both_the_cream_cheese_box_and_the_butter_in_the_basket,KITCHEN_SCENE8_put_both_moka_pots_on_the_stove,put both the cream cheese box and the butter in the basket,put both moka pots on the stove,cream_cheese_1|moka_pot_1,basket_1_contain_region,flat_stove_1_cook_region,In(cream_cheese_1 basket_1_contain_region);In(butter_1 basket_1_contain_region),On(moka_pot_1 flat_stove_1_cook_region);On(moka_pot_2 flat_stove_1_cook_region);Turnon(flat_stove_1),False,True,False,False,False,False,False,other,True,after first grasp of manipulated object + N actions,native training suite,spatial suite shares one destination; or scene/init mismatch,secondary_multistep,10
libero_10,LIVING_ROOM_SCENE2_put_both_the_cream_cheese_box_and_the_butter_in_the_basket,LIVING_ROOM_SCENE1_put_both_the_alphabet_soup_and_the_cream_cheese_box_in_the_basket,put both the cream cheese box and the butter in the basket,put both the alphabet soup and the cream cheese box in the basket,cream_cheese_1|alphabet_soup_1,basket_1_contain_region,basket_1_contain_region,In(cream_cheese_1 basket_1_contain_region);In(butter_1 basket_1_contain_region),In(alphabet_soup_1 basket_1_contain_region);In(cream_cheese_1 basket_1_contain_region),False,True,False,False,True,False,False,In/In,True,after first grasp of manipulated object + N actions,native training suite,spatial suite shares one destination; or scene/init mismatch,secondary_multistep,10
libero_10,LIVING_ROOM_SCENE2_put_both_the_cream_cheese_box_and_the_butter_in_the_basket,LIVING_ROOM_SCENE5_put_the_white_mug_on_the_left_plate_and_put_the_yellow_and_white_mug_on_the_right_plate,put both the cream cheese box and the butter in the basket,put the white mug on the left plate and put the yellow and white mug on the right plate,cream_cheese_1|porcelain_mug_1,basket_1_contain_region,plate_1,In(cream_cheese_1 basket_1_contain_region);In(butter_1 basket_1_contain_region),On(porcelain_mug_1 plate_1);On(white_yellow_mug_1 plate_2),False,True,False,False,False,False,False,On/In,True,after first grasp of manipulated object + N actions,native training suite,spatial suite shares one destination; or scene/init mismatch,secondary_multistep,10
libero_10,LIVING_ROOM_SCENE2_put_both_the_cream_cheese_box_and_the_butter_in_the_basket,LIVING_ROOM_SCENE6_put_the_white_mug_on_the_plate_and_put_the_chocolate_pudding_to_the_right_of_the_plate,put both the cream cheese box and the butter in the basket,put the white mug on the plate and put the chocolate pudding to the right of the plate,cream_cheese_1|porcelain_mug_1,basket_1_contain_region,plate_1,In(cream_cheese_1 basket_1_contain_region);In(butter_1 basket_1_contain_region),On(porcelain_mug_1 plate_1);On(chocolate_pudding_1 living_room_table_plate_right_region),False,True,False,False,True,False,False,On/In,True,after first grasp of manipulated object + N actions,native training suite,spatial suite shares one destination; or scene/init mismatch,secondary_multistep,10
libero_10,LIVING_ROOM_SCENE2_put_both_the_cream_cheese_box_and_the_butter_in_the_basket,STUDY_SCENE1_pick_up_the_book_and_place_it_in_the_back_compartment_of_the_caddy,put both the cream cheese box and the butter in the basket,pick up the book and place it in the back compartment of the caddy,cream_cheese_1|black_book_1,basket_1_contain_region,desk_caddy_1_back_contain_region,In(cream_cheese_1 basket_1_contain_region);In(butter_1 basket_1_contain_region),In(black_book_1 desk_caddy_1_back_contain_region),False,True,False,False,True,False,False,In/In,True,after first grasp of manipulated object + N actions,native training suite,spatial suite shares one destination; or scene/init mismatch,secondary_multistep,10
libero_10,LIVING_ROOM_SCENE5_put_the_white_mug_on_the_left_plate_and_put_the_yellow_and_white_mug_on_the_right_plate,KITCHEN_SCENE6_put_the_yellow_and_white_mug_in_the_microwave_and_close_it,put the white mug on the left plate and put the yellow and white mug on the right plate,put the yellow and white mug in the microwave and close it,porcelain_mug_1|white_yellow_mug_1,plate_1,microwave_1_heating_region,On(porcelain_mug_1 plate_1);On(white_yellow_mug_1 plate_2),In(white_yellow_mug_1 microwave_1_heating_region);Close(microwave_1),False,True,False,False,False,False,False,other,True,after first grasp of manipulated object + N actions,native training suite,spatial suite shares one destination; or scene/init mismatch,secondary_multistep,10
libero_10,LIVING_ROOM_SCENE5_put_the_white_mug_on_the_left_plate_and_put_the_yellow_and_white_mug_on_the_right_plate,KITCHEN_SCENE8_put_both_moka_pots_on_the_stove,put the white mug on the left plate and put the yellow and white mug on the right plate,put both moka pots on the stove,porcelain_mug_1|moka_pot_1,plate_1,flat_stove_1_cook_region,On(porcelain_mug_1 plate_1);On(white_yellow_mug_1 plate_2),On(moka_pot_1 flat_stove_1_cook_region);On(moka_pot_2 flat_stove_1_cook_region);Turnon(flat_stove_1),False,True,False,False,False,False,False,other,True,after first grasp of manipulated object + N actions,native training suite,spatial suite shares one destination; or scene/init mismatch,secondary_multistep,10
libero_10,LIVING_ROOM_SCENE5_put_the_white_mug_on_the_left_plate_and_put_the_yellow_and_white_mug_on_the_right_plate,LIVING_ROOM_SCENE1_put_both_the_alphabet_soup_and_the_cream_cheese_box_in_the_basket,put the white mug on the left plate and put the yellow and white mug on the right plate,put both the alphabet soup and the cream cheese box in the basket,porcelain_mug_1|alphabet_soup_1,plate_1,basket_1_contain_region,On(porcelain_mug_1 plate_1);On(white_yellow_mug_1 plate_2),In(alphabet_soup_1 basket_1_contain_region);In(cream_cheese_1 basket_1_contain_region),False,True,False,False,False,False,False,On/In,True,after first grasp of manipulated object + N actions,native training suite,spatial suite shares one destination; or scene/init mismatch,secondary_multistep,10
libero_10,LIVING_ROOM_SCENE5_put_the_white_mug_on_the_left_plate_and_put_the_yellow_and_white_mug_on_the_right_plate,LIVING_ROOM_SCENE6_put_the_white_mug_on_the_plate_and_put_the_chocolate_pudding_to_the_right_of_the_plate,put the white mug on the left plate and put the yellow and white mug on the right plate,put the white mug on the plate and put the chocolate pudding to the right of the plate,porcelain_mug_1,plate_1,plate_1,On(porcelain_mug_1 plate_1);On(white_yellow_mug_1 plate_2),On(porcelain_mug_1 plate_1);On(chocolate_pudding_1 living_room_table_plate_right_region),False,True,False,True,True,False,False,On/On,True,after first grasp of manipulated object + N actions,native training suite,spatial suite shares one destination; or scene/init mismatch,secondary_multistep,10
libero_10,LIVING_ROOM_SCENE5_put_the_white_mug_on_the_left_plate_and_put_the_yellow_and_white_mug_on_the_right_plate,STUDY_SCENE1_pick_up_the_book_and_place_it_in_the_back_compartment_of_the_caddy,put the white mug on the left plate and put the yellow and white mug on the right plate,pick up the book and place it in the back compartment of the caddy,porcelain_mug_1|black_book_1,plate_1,desk_caddy_1_back_contain_region,On(porcelain_mug_1 plate_1);On(white_yellow_mug_1 plate_2),In(black_book_1 desk_caddy_1_back_contain_region),False,True,False,False,False,False,False,On/In,True,after first grasp of manipulated object + N actions,native training suite,spatial suite shares one destination; or scene/init mismatch,secondary_multistep,10
libero_10,LIVING_ROOM_SCENE6_put_the_white_mug_on_the_plate_and_put_the_chocolate_pudding_to_the_right_of_the_plate,KITCHEN_SCENE6_put_the_yellow_and_white_mug_in_the_microwave_and_close_it,put the white mug on the plate and put the chocolate pudding to the right of the plate,put the yellow and white mug in the microwave and close it,porcelain_mug_1|white_yellow_mug_1,plate_1,microwave_1_heating_region,On(porcelain_mug_1 plate_1);On(chocolate_pudding_1 living_room_table_plate_right_region),In(white_yellow_mug_1 microwave_1_heating_region);Close(microwave_1),False,True,False,False,False,False,False,other,True,after first grasp of manipulated object + N actions,native training suite,spatial suite shares one destination; or scene/init mismatch,secondary_multistep,10
libero_10,LIVING_ROOM_SCENE6_put_the_white_mug_on_the_plate_and_put_the_chocolate_pudding_to_the_right_of_the_plate,KITCHEN_SCENE8_put_both_moka_pots_on_the_stove,put the white mug on the plate and put the chocolate pudding to the right of the plate,put both moka pots on the stove,porcelain_mug_1|moka_pot_1,plate_1,flat_stove_1_cook_region,On(porcelain_mug_1 plate_1);On(chocolate_pudding_1 living_room_table_plate_right_region),On(moka_pot_1 flat_stove_1_cook_region);On(moka_pot_2 flat_stove_1_cook_region);Turnon(flat_stove_1),False,True,False,False,False,False,False,other,True,after first grasp of manipulated object + N actions,native training suite,spatial suite shares one destination; or scene/init mismatch,secondary_multistep,10
libero_10,LIVING_ROOM_SCENE6_put_the_white_mug_on_the_plate_and_put_the_chocolate_pudding_to_the_right_of_the_plate,LIVING_ROOM_SCENE1_put_both_the_alphabet_soup_and_the_cream_cheese_box_in_the_basket,put the white mug on the plate and put the chocolate pudding to the right of the plate,put both the alphabet soup and the cream cheese box in the basket,porcelain_mug_1|alphabet_soup_1,plate_1,basket_1_contain_region,On(porcelain_mug_1 plate_1);On(chocolate_pudding_1 living_room_table_plate_right_region),In(alphabet_soup_1 basket_1_contain_region);In(cream_cheese_1 basket_1_contain_region),False,True,False,False,True,False,False,On/In,True,after first grasp of manipulated object + N actions,native training suite,spatial suite shares one destination; or scene/init mismatch,secondary_multistep,10
libero_10,STUDY_SCENE1_pick_up_the_book_and_place_it_in_the_back_compartment_of_the_caddy,KITCHEN_SCENE6_put_the_yellow_and_white_mug_in_the_microwave_and_close_it,pick up the book and place it in the back compartment of the caddy,put the yellow and white mug in the microwave and close it,black_book_1|white_yellow_mug_1,desk_caddy_1_back_contain_region,microwave_1_heating_region,In(black_book_1 desk_caddy_1_back_contain_region),In(white_yellow_mug_1 microwave_1_heating_region);Close(microwave_1),False,True,False,False,False,False,False,other,True,after first grasp of manipulated object + N actions,native training suite,spatial suite shares one destination; or scene/init mismatch,secondary_multistep,10
libero_10,STUDY_SCENE1_pick_up_the_book_and_place_it_in_the_back_compartment_of_the_caddy,KITCHEN_SCENE8_put_both_moka_pots_on_the_stove,pick up the book and place it in the back compartment of the caddy,put both moka pots on the stove,black_book_1|moka_pot_1,desk_caddy_1_back_contain_region,flat_stove_1_cook_region,In(black_book_1 desk_caddy_1_back_contain_region),On(moka_pot_1 flat_stove_1_cook_region);On(moka_pot_2 flat_stove_1_cook_region);Turnon(flat_stove_1),False,True,False,False,False,False,False,other,True,after first grasp of manipulated object + N actions,native training suite,spatial suite shares one destination; or scene/init mismatch,secondary_multistep,10
libero_10,STUDY_SCENE1_pick_up_the_book_and_place_it_in_the_back_compartment_of_the_caddy,LIVING_ROOM_SCENE1_put_both_the_alphabet_soup_and_the_cream_cheese_box_in_the_basket,pick up the book and place it in the back compartment of the caddy,put both the alphabet soup and the cream cheese box in the basket,black_book_1|alphabet_soup_1,desk_caddy_1_back_contain_region,basket_1_contain_region,In(black_book_1 desk_caddy_1_back_contain_region),In(alphabet_soup_1 basket_1_contain_region);In(cream_cheese_1 basket_1_contain_region),False,True,False,False,True,False,False,In/In,True,after first grasp of manipulated object + N actions,native training suite,spatial suite shares one destination; or scene/init mismatch,secondary_multistep,10
libero_10,STUDY_SCENE1_pick_up_the_book_and_place_it_in_the_back_compartment_of_the_caddy,LIVING_ROOM_SCENE6_put_the_white_mug_on_the_plate_and_put_the_chocolate_pudding_to_the_right_of_the_plate,pick up the book and place it in the back compartment of the caddy,put the white mug on the plate and put the chocolate pudding to the right of the plate,black_book_1|porcelain_mug_1,desk_caddy_1_back_contain_region,plate_1,In(black_book_1 desk_caddy_1_back_contain_region),On(porcelain_mug_1 plate_1);On(chocolate_pudding_1 living_room_table_plate_right_region),False,True,False,False,True,False,False,On/In,True,after first grasp of manipulated object + N actions,native training suite,spatial suite shares one destination; or scene/init mismatch,secondary_multistep,10
libero_goal,open_the_top_drawer_and_put_the_bowl_inside,push_the_plate_to_the_front_of_the_stove,open the top drawer and put the bowl inside,push the plate to the front of the stove,akita_black_bowl_1|plate_1,wooden_cabinet_1_top_region,main_table_stove_front_region,In(akita_black_bowl_1 wooden_cabinet_1_top_region),On(plate_1 main_table_stove_front_region),True,True,True,False,True,True,True,On/In,False,after first grasp of manipulated object + N actions,native training suite,spatial suite shares one destination; or scene/init mismatch,weak_structural_match,10
libero_goal,open_the_top_drawer_and_put_the_bowl_inside,put_the_cream_cheese_in_the_bowl,open the top drawer and put the bowl inside,put the cream cheese in the bowl,akita_black_bowl_1|cream_cheese_1,wooden_cabinet_1_top_region,akita_black_bowl_1,In(akita_black_bowl_1 wooden_cabinet_1_top_region),On(cream_cheese_1 akita_black_bowl_1),True,True,True,False,True,True,True,On/In,False,after first grasp of manipulated object + N actions,native training suite,spatial suite shares one destination; or scene/init mismatch,weak_structural_match,10
libero_goal,open_the_top_drawer_and_put_the_bowl_inside,put_the_wine_bottle_on_the_rack,open the top drawer and put the bowl inside,put the wine bottle on the rack,akita_black_bowl_1|wine_bottle_1,wooden_cabinet_1_top_region,wine_rack_1_top_region,In(akita_black_bowl_1 wooden_cabinet_1_top_region),On(wine_bottle_1 wine_rack_1_top_region),True,True,True,False,True,True,True,On/In,False,after first grasp of manipulated object + N actions,native training suite,spatial suite shares one destination; or scene/init mismatch,weak_structural_match,10
libero_goal,push_the_plate_to_the_front_of_the_stove,put_the_bowl_on_the_plate,push the plate to the front of the stove,put the bowl on the plate,plate_1|akita_black_bowl_1,main_table_stove_front_region,plate_1,On(plate_1 main_table_stove_front_region),On(akita_black_bowl_1 plate_1),True,True,True,False,True,True,True,On/On,False,after first grasp of manipulated object + N actions,native training suite,spatial suite shares one destination; or scene/init mismatch,weak_structural_match,10
libero_goal,push_the_plate_to_the_front_of_the_stove,put_the_cream_cheese_in_the_bowl,push the plate to the front of the stove,put the cream cheese in the bowl,plate_1|cream_cheese_1,main_table_stove_front_region,akita_black_bowl_1,On(plate_1 main_table_stove_front_region),On(cream_cheese_1 akita_black_bowl_1),True,True,True,False,True,True,True,On/On,False,after first grasp of manipulated object + N actions,native training suite,spatial suite shares one destination; or scene/init mismatch,weak_structural_match,10
libero_goal,push_the_plate_to_the_front_of_the_stove,put_the_wine_bottle_on_the_rack,push the plate to the front of the stove,put the wine bottle on the rack,plate_1|wine_bottle_1,main_table_stove_front_region,wine_rack_1_top_region,On(plate_1 main_table_stove_front_region),On(wine_bottle_1 wine_rack_1_top_region),True,True,True,False,True,True,True,On/On,False,after first grasp of manipulated object + N actions,native training suite,spatial suite shares one destination; or scene/init mismatch,weak_structural_match,10
libero_goal,put_the_bowl_on_the_plate,put_the_wine_bottle_on_the_rack,put the bowl on the plate,put the wine bottle on the rack,akita_black_bowl_1|wine_bottle_1,plate_1,wine_rack_1_top_region,On(akita_black_bowl_1 plate_1),On(wine_bottle_1 wine_rack_1_top_region),True,True,True,False,True,True,True,On/On,False,after first grasp of manipulated object + N actions,native training suite,spatial suite shares one destination; or scene/init mismatch,weak_structural_match,10
libero_goal,put_the_bowl_on_the_stove,push_the_plate_to_the_front_of_the_stove,put the bowl on the stove,push the plate to the front of the stove,akita_black_bowl_1|plate_1,flat_stove_1_cook_region,main_table_stove_front_region,On(akita_black_bowl_1 flat_stove_1_cook_region),On(plate_1 main_table_stove_front_region),True,True,True,False,True,True,True,On/On,False,after first grasp of manipulated object + N actions,native training suite,spatial suite shares one destination; or scene/init mismatch,weak_structural_match,10
libero_goal,put_the_bowl_on_the_stove,put_the_cream_cheese_in_the_bowl,put the bowl on the stove,put the cream cheese in the bowl,akita_black_bowl_1|cream_cheese_1,flat_stove_1_cook_region,akita_black_bowl_1,On(akita_black_bowl_1 flat_stove_1_cook_region),On(cream_cheese_1 akita_black_bowl_1),True,True,True,False,True,True,True,On/On,False,after first grasp of manipulated object + N actions,native training suite,spatial suite shares one destination; or scene/init mismatch,weak_structural_match,10
libero_goal,put_the_bowl_on_the_stove,put_the_wine_bottle_on_the_rack,put the bowl on the stove,put the wine bottle on the rack,akita_black_bowl_1|wine_bottle_1,flat_stove_1_cook_region,wine_rack_1_top_region,On(akita_black_bowl_1 flat_stove_1_cook_region),On(wine_bottle_1 wine_rack_1_top_region),True,True,True,False,True,True,True,On/On,False,after first grasp of manipulated object + N actions,native training suite,spatial suite shares one destination; or scene/init mismatch,weak_structural_match,10
libero_goal,put_the_bowl_on_the_stove,put_the_wine_bottle_on_top_of_the_cabinet,put the bowl on the stove,put the wine bottle on top of the cabinet,akita_black_bowl_1|wine_bottle_1,flat_stove_1_cook_region,wooden_cabinet_1_top_side,On(akita_black_bowl_1 flat_stove_1_cook_region),On(wine_bottle_1 wooden_cabinet_1_top_side),True,True,True,False,True,True,True,On/On,False,after first grasp of manipulated object + N actions,native training suite,spatial suite shares one destination; or scene/init mismatch,weak_structural_match,10
libero_goal,put_the_bowl_on_top_of_the_cabinet,push_the_plate_to_the_front_of_the_stove,put the bowl on top of the cabinet,push the plate to the front of the stove,akita_black_bowl_1|plate_1,wooden_cabinet_1_top_side,main_table_stove_front_region,On(akita_black_bowl_1 wooden_cabinet_1_top_side),On(plate_1 main_table_stove_front_region),True,True,True,False,True,True,True,On/On,False,after first grasp of manipulated object + N actions,native training suite,spatial suite shares one destination; or scene/init mismatch,weak_structural_match,10
libero_goal,put_the_bowl_on_top_of_the_cabinet,put_the_cream_cheese_in_the_bowl,put the bowl on top of the cabinet,put the cream cheese in the bowl,akita_black_bowl_1|cream_cheese_1,wooden_cabinet_1_top_side,akita_black_bowl_1,On(akita_black_bowl_1 wooden_cabinet_1_top_side),On(cream_cheese_1 akita_black_bowl_1),True,True,True,False,True,True,True,On/On,False,after first grasp of manipulated object + N actions,native training suite,spatial suite shares one destination; or scene/init mismatch,weak_structural_match,10
libero_goal,put_the_bowl_on_top_of_the_cabinet,put_the_wine_bottle_on_the_rack,put the bowl on top of the cabinet,put the wine bottle on the rack,akita_black_bowl_1|wine_bottle_1,wooden_cabinet_1_top_side,wine_rack_1_top_region,On(akita_black_bowl_1 wooden_cabinet_1_top_side),On(wine_bottle_1 wine_rack_1_top_region),True,True,True,False,True,True,True,On/On,False,after first grasp of manipulated object + N actions,native training suite,spatial suite shares one destination; or scene/init mismatch,weak_structural_match,10
libero_goal,put_the_cream_cheese_in_the_bowl,put_the_bowl_on_the_plate,put the cream cheese in the bowl,put the bowl on the plate,cream_cheese_1|akita_black_bowl_1,akita_black_bowl_1,plate_1,On(cream_cheese_1 akita_black_bowl_1),On(akita_black_bowl_1 plate_1),True,True,True,False,True,True,True,On/On,False,after first grasp of manipulated object + N actions,native training suite,spatial suite shares one destination; or scene/init mismatch,weak_structural_match,10
libero_goal,put_the_cream_cheese_in_the_bowl,put_the_wine_bottle_on_the_rack,put the cream cheese in the bowl,put the wine bottle on the rack,cream_cheese_1|wine_bottle_1,akita_black_bowl_1,wine_rack_1_top_region,On(cream_cheese_1 akita_black_bowl_1),On(wine_bottle_1 wine_rack_1_top_region),True,True,True,False,True,True,True,On/On,False,after first grasp of manipulated object + N actions,native training suite,spatial suite shares one destination; or scene/init mismatch,weak_structural_match,10
libero_goal,put_the_wine_bottle_on_top_of_the_cabinet,open_the_top_drawer_and_put_the_bowl_inside,put the wine bottle on top of the cabinet,open the top drawer and put the bowl inside,wine_bottle_1|akita_black_bowl_1,wooden_cabinet_1_top_side,wooden_cabinet_1_top_region,On(wine_bottle_1 wooden_cabinet_1_top_side),In(akita_black_bowl_1 wooden_cabinet_1_top_region),True,True,True,False,True,True,True,On/In,False,after first grasp of manipulated object + N actions,native training suite,spatial suite shares one destination; or scene/init mismatch,weak_structural_match,10
libero_goal,put_the_wine_bottle_on_top_of_the_cabinet,push_the_plate_to_the_front_of_the_stove,put the wine bottle on top of the cabinet,push the plate to the front of the stove,wine_bottle_1|plate_1,wooden_cabinet_1_top_side,main_table_stove_front_region,On(wine_bottle_1 wooden_cabinet_1_top_side),On(plate_1 main_table_stove_front_region),True,True,True,False,True,True,True,On/On,False,after first grasp of manipulated object + N actions,native training suite,spatial suite shares one destination; or scene/init mismatch,weak_structural_match,10
libero_goal,put_the_wine_bottle_on_top_of_the_cabinet,put_the_bowl_on_the_plate,put the wine bottle on top of the cabinet,put the bowl on the plate,wine_bottle_1|akita_black_bowl_1,wooden_cabinet_1_top_side,plate_1,On(wine_bottle_1 wooden_cabinet_1_top_side),On(akita_black_bowl_1 plate_1),True,True,True,False,True,True,True,On/On,False,after first grasp of manipulated object + N actions,native training suite,spatial suite shares one destination; or scene/init mismatch,weak_structural_match,10
libero_goal,put_the_wine_bottle_on_top_of_the_cabinet,put_the_bowl_on_top_of_the_cabinet,put the wine bottle on top of the cabinet,put the bowl on top of the cabinet,wine_bottle_1|akita_black_bowl_1,wooden_cabinet_1_top_side,wooden_cabinet_1_top_side,On(wine_bottle_1 wooden_cabinet_1_top_side),On(akita_black_bowl_1 wooden_cabinet_1_top_side),True,True,True,False,True,True,True,On/On,False,after first grasp of manipulated object + N actions,native training suite,spatial suite shares one destination; or scene/init mismatch,weak_structural_match,10
libero_goal,put_the_wine_bottle_on_top_of_the_cabinet,put_the_cream_cheese_in_the_bowl,put the wine bottle on top of the cabinet,put the cream cheese in the bowl,wine_bottle_1|cream_cheese_1,wooden_cabinet_1_top_side,akita_black_bowl_1,On(wine_bottle_1 wooden_cabinet_1_top_side),On(cream_cheese_1 akita_black_bowl_1),True,True,True,False,True,True,True,On/On,False,after first grasp of manipulated object + N actions,native training suite,spatial suite shares one destination; or scene/init mismatch,weak_structural_match,10
